BreedName,bred_for,weight,height,life_span,temperament,image,reference_image_id,AvgPupPrice
Affenpinscher,"Small rodent hunting, lapdog","{'imperial': '6 - 13', 'metric': '3 - 6'}","{'imperial': '9 - 11.5', 'metric': '23 - 29'}",10 - 12 years,"Stubborn, Curious, Playful, Adventurous, Active, Fun-loving","{'id': 'BJa4kxc4X', 'width': 1600, 'height': 1199, 'url': 'https://cdn2.thedogapi.com/images/BJa4kxc4X.jpg'}",BJa4kxc4X,1000.0
Afghan Hound,Coursing and hunting,"{'imperial': '50 - 60', 'metric': '23 - 27'}","{'imperial': '25 - 27', 'metric': '64 - 69'}",10 - 13 years,"Aloof, Clownish, Dignified, Independent, Happy","{'id': 'hMyT4CDXR', 'width': 606, 'height': 380, 'url': 'https://cdn2.thedogapi.com/images/hMyT4CDXR.jpg'}",hMyT4CDXR,2250.0
African Hunting Dog,A wild pack animal,"{'imperial': '44 - 66', 'metric': '20 - 30'}","{'imperial': '30', 'metric': '76'}",11 years,"Wild, Hardworking, Dutiful","{'id': 'rkiByec47', 'width': 500, 'height': 335, 'url': 'https://cdn2.thedogapi.com/images/rkiByec47.jpg'}",rkiByec47,
Airedale Terrier,"Badger, otter hunting","{'imperial': '40 - 65', 'metric': '18 - 29'}","{'imperial': '21 - 23', 'metric': '53 - 58'}",10 - 13 years,"Outgoing, Friendly, Alert, Confident, Intelligent, Courageous","{'id': '1-7cgoZSh', 'width': 645, 'height': 430, 'url': 'https://cdn2.thedogapi.com/images/1-7cgoZSh.jpg'}",1-7cgoZSh,700.0
Akbash Dog,Sheep guarding,"{'imperial': '90 - 120', 'metric': '41 - 54'}","{'imperial': '28 - 34', 'metric': '71 - 86'}",10 - 12 years,"Loyal, Independent, Intelligent, Brave","{'id': '26pHT3Qk7', 'width': 600, 'height': 471, 'url': 'https://cdn2.thedogapi.com/images/26pHT3Qk7.jpg'}",26pHT3Qk7,
Akita,Hunting bears,"{'imperial': '65 - 115', 'metric': '29 - 52'}","{'imperial': '24 - 28', 'metric': '61 - 71'}",10 - 14 years,"Docile, Alert, Responsive, Dignified, Composed, Friendly, Receptive, Faithful, Courageous","{'id': 'BFRYBufpm', 'width': 1280, 'height': 853, 'url': 'https://cdn2.thedogapi.com/images/BFRYBufpm.jpg'}",BFRYBufpm,1000.0
Alapaha Blue Blood Bulldog,Guarding,"{'imperial': '55 - 90', 'metric': '25 - 41'}","{'imperial': '18 - 24', 'metric': '46 - 61'}",12 - 13 years,"Loving, Protective, Trainable, Dutiful, Responsible","{'id': '33mJ-V3RX', 'width': 1828, 'height': 2065, 'url': 'https://cdn2.thedogapi.com/images/33mJ-V3RX.jpg'}",33mJ-V3RX,
Alaskan Husky,Sled pulling,"{'imperial': '38 - 50', 'metric': '17 - 23'}","{'imperial': '23 - 26', 'metric': '58 - 66'}",10 - 13 years,"Friendly, Energetic, Loyal, Gentle, Confident","{'id': '-HgpNnGXl', 'width': 500, 'height': 500, 'url': 'https://cdn2.thedogapi.com/images/-HgpNnGXl.jpg'}",-HgpNnGXl,
Alaskan Malamute,"Hauling heavy freight, Sled pulling","{'imperial': '65 - 100', 'metric': '29 - 45'}","{'imperial': '23 - 25', 'metric': '58 - 64'}",12 - 15 years,"Friendly, Affectionate, Devoted, Loyal, Dignified, Playful","{'id': 'dW5UucTIW', 'width': 1023, 'height': 769, 'url': 'https://cdn2.thedogapi.com/images/dW5UucTIW.jpg'}",dW5UucTIW,1350.0
American Bulldog,,"{'imperial': '60 - 120', 'metric': '27 - 54'}","{'imperial': '22 - 27', 'metric': '56 - 69'}",10 - 12 years,"Friendly, Assertive, Energetic, Loyal, Gentle, Confident, Dominant","{'id': 'pk1AAdloG', 'width': 1669, 'height': 1377, 'url': 'https://cdn2.thedogapi.com/images/pk1AAdloG.jpg'}",pk1AAdloG,800.0
American Bully,Family companion dog,"{'imperial': '30 - 150', 'metric': '14 - 68'}","{'imperial': '14 - 17', 'metric': '36 - 43'}",8 – 15 years,"Strong Willed, Stubborn, Friendly, Clownish, Affectionate, Loyal, Obedient, Intelligent, Courageous","{'id': 'sqQJDtbpY', 'width': 1024, 'height': 683, 'url': 'https://cdn2.thedogapi.com/images/sqQJDtbpY.jpg'}",sqQJDtbpY,
American Eskimo Dog,Circus performer,"{'imperial': '20 - 40', 'metric': '9 - 18'}","{'imperial': '15 - 19', 'metric': '38 - 48'}",12 - 15 years,"Friendly, Alert, Reserved, Intelligent, Protective","{'id': 'Bymjyec4m', 'width': 1000, 'height': 802, 'url': 'https://cdn2.thedogapi.com/images/Bymjyec4m.jpg'}",Bymjyec4m,700.0
American Eskimo Dog (Miniature),Companionship,"{'imperial': '7 - 10', 'metric': '3 - 5'}","{'imperial': '9 - 12', 'metric': '23 - 30'}",13 – 15 years,"Friendly, Alert, Reserved, Intelligent, Protective","{'id': '_gn8GLrE6', 'width': 730, 'height': 487, 'url': 'https://cdn2.thedogapi.com/images/_gn8GLrE6.jpg'}",_gn8GLrE6,
American Foxhound,"Fox hunting, scent hound","{'imperial': '65 - 75', 'metric': '29 - 34'}","{'imperial': '21 - 28', 'metric': '53 - 71'}",8 - 15 years,"Kind, Sweet-Tempered, Loyal, Independent, Intelligent, Loving","{'id': 'S14n1x9NQ', 'width': 3000, 'height': 2400, 'url': 'https://cdn2.thedogapi.com/images/S14n1x9NQ.jpg'}",S14n1x9NQ,
American Pit Bull Terrier,Fighting,"{'imperial': '30 - 60', 'metric': '14 - 27'}","{'imperial': '17 - 21', 'metric': '43 - 53'}",10 - 15 years,"Strong Willed, Stubborn, Friendly, Clownish, Affectionate, Loyal, Obedient, Intelligent, Courageous","{'id': 'HkC31gcNm', 'width': 300, 'height': 244, 'url': 'https://cdn2.thedogapi.com/images/HkC31gcNm.png'}",HkC31gcNm,
American Staffordshire Terrier,,"{'imperial': '50 - 60', 'metric': '23 - 27'}","{'imperial': '17 - 19', 'metric': '43 - 48'}",12 - 15 years,"Tenacious, Friendly, Devoted, Loyal, Attentive, Courageous","{'id': 'rJIakgc4m', 'width': 357, 'height': 500, 'url': 'https://cdn2.thedogapi.com/images/rJIakgc4m.jpg'}",rJIakgc4m,900.0
American Water Spaniel,Bird flushing and retrieving,"{'imperial': '25 - 45', 'metric': '11 - 20'}","{'imperial': '15 - 18', 'metric': '38 - 46'}",10 - 12 years,"Friendly, Energetic, Obedient, Intelligent, Protective, Trainable","{'id': 'SkmRJl9VQ', 'width': 1600, 'height': 1264, 'url': 'https://cdn2.thedogapi.com/images/SkmRJl9VQ.jpg'}",SkmRJl9VQ,900.0
Anatolian Shepherd Dog,Livestock herding,"{'imperial': '80 - 150', 'metric': '36 - 68'}","{'imperial': '27 - 29', 'metric': '69 - 74'}",11 - 13 years,"Steady, Bold, Independent, Confident, Intelligent, Proud","{'id': 'BJT0Jx5Nm', 'width': 1216, 'height': 1131, 'url': 'https://cdn2.thedogapi.com/images/BJT0Jx5Nm.jpg'}",BJT0Jx5Nm,
Appenzeller Sennenhund,"Herding livestock, pulling carts, and guarding the farm","{'imperial': '48 - 55', 'metric': '22 - 25'}","{'imperial': '20 - 22', 'metric': '51 - 56'}",12 – 14 years,"Reliable, Fearless, Energetic, Lively, Self-assured","{'id': 'HkNkxlqEX', 'width': 400, 'height': 600, 'url': 'https://cdn2.thedogapi.com/images/HkNkxlqEX.jpg'}",HkNkxlqEX,
Australian Cattle Dog,"Cattle herding, herding trials","{'imperial': '44 - 62', 'metric': '20 - 28'}","{'imperial': '17 - 20', 'metric': '43 - 51'}",12 - 14 years,"Cautious, Energetic, Loyal, Obedient, Protective, Brave","{'id': 'IBkYVm4v1', 'width': 736, 'height': 850, 'url': 'https://cdn2.thedogapi.com/images/IBkYVm4v1.jpg'}",IBkYVm4v1,
Australian Kelpie,"Farm dog, Cattle herding","{'imperial': '31 - 46', 'metric': '14 - 21'}","{'imperial': '17 - 20', 'metric': '43 - 51'}",10 - 13 years,"Friendly, Energetic, Alert, Loyal, Intelligent, Eager","{'id': 'Hyq1ge9VQ', 'width': 800, 'height': 533, 'url': 'https://cdn2.thedogapi.com/images/Hyq1ge9VQ.jpg'}",Hyq1ge9VQ,600.0
Australian Shepherd,Sheep herding,"{'imperial': '35 - 65', 'metric': '16 - 29'}","{'imperial': '18 - 23', 'metric': '46 - 58'}",12 - 16 years,"Good-natured, Affectionate, Intelligent, Active, Protective","{'id': 'B1-llgq4m', 'width': 1200, 'height': 733, 'url': 'https://cdn2.thedogapi.com/images/B1-llgq4m.jpg'}",B1-llgq4m,700.0
Australian Terrier,"Cattle herdering, hunting snakes and rodents","{'imperial': '14 - 16', 'metric': '6 - 7'}","{'imperial': '10 - 11', 'metric': '25 - 28'}",15 years,"Spirited, Alert, Loyal, Companionable, Even Tempered, Courageous","{'id': 'r1Ylge5Vm', 'width': 1081, 'height': 720, 'url': 'https://cdn2.thedogapi.com/images/r1Ylge5Vm.jpg'}",r1Ylge5Vm,1250.0
Azawakh,"Livestock guardian, hunting","{'imperial': '33 - 55', 'metric': '15 - 25'}","{'imperial': '23 - 29', 'metric': '58 - 74'}",10 - 13 years,"Aloof, Affectionate, Attentive, Rugged, Fierce, Refined","{'id': 'SkvZgx94m', 'width': 1024, 'height': 768, 'url': 'https://cdn2.thedogapi.com/images/SkvZgx94m.jpg'}",SkvZgx94m,
Barbet,Hunting water game,"{'imperial': '40 - 65', 'metric': '18 - 29'}","{'imperial': '20 - 26', 'metric': '51 - 66'}",13 – 15 years,"Obedient, Companionable, Intelligent, Joyful","{'id': 'HyWGexcVQ', 'width': 853, 'height': 1280, 'url': 'https://cdn2.thedogapi.com/images/HyWGexcVQ.jpg'}",HyWGexcVQ,
Basenji,Hunting,"{'imperial': '22 - 24', 'metric': '10 - 11'}","{'imperial': '16 - 17', 'metric': '41 - 43'}",10 - 12 years,"Affectionate, Energetic, Alert, Curious, Playful, Intelligent","{'id': 'H1dGlxqNQ', 'width': 740, 'height': 493, 'url': 'https://cdn2.thedogapi.com/images/H1dGlxqNQ.jpg'}",H1dGlxqNQ,1100.0
Basset Bleu de Gascogne,Hunting on foot.,"{'imperial': '35 - 40', 'metric': '16 - 18'}","{'imperial': '13 - 15', 'metric': '33 - 38'}",10 - 14 years,"Affectionate, Lively, Agile, Curious, Happy, Active","{'id': 'BkMQll94X', 'width': 1280, 'height': 853, 'url': 'https://cdn2.thedogapi.com/images/BkMQll94X.jpg'}",BkMQll94X,
Basset Hound,Hunting by scent,"{'imperial': '50 - 65', 'metric': '23 - 29'}","{'imperial': '14', 'metric': '36'}",12 - 15 years,"Tenacious, Friendly, Affectionate, Devoted, Sweet-Tempered, Gentle","{'id': 'Sy57xx9EX', 'width': 1024, 'height': 640, 'url': 'https://cdn2.thedogapi.com/images/Sy57xx9EX.jpg'}",Sy57xx9EX,400.0
Beagle,"Rabbit, hare hunting","{'imperial': '20 - 35', 'metric': '9 - 16'}","{'imperial': '13 - 15', 'metric': '33 - 38'}",13 - 16 years,"Amiable, Even Tempered, Excitable, Determined, Gentle, Intelligent","{'id': 'Syd4xxqEm', 'width': 1000, 'height': 667, 'url': 'https://cdn2.thedogapi.com/images/Syd4xxqEm.jpg'}",Syd4xxqEm,650.0
Bearded Collie,Sheep herding,"{'imperial': '45 - 55', 'metric': '20 - 25'}","{'imperial': '20 - 22', 'metric': '51 - 56'}",12 - 14 years,"Self-confidence, Hardy, Lively, Alert, Intelligent, Active","{'id': 'A09F4c1qP', 'width': 733, 'height': 733, 'url': 'https://cdn2.thedogapi.com/images/A09F4c1qP.jpg'}",A09F4c1qP,1300.0
Beauceron,"Boar herding, hunting, guarding","{'imperial': '80 - 110', 'metric': '36 - 50'}","{'imperial': '24 - 27.5', 'metric': '61 - 70'}",10 - 12 years,"Fearless, Friendly, Intelligent, Protective, Calm","{'id': 'HJQ8ge5V7', 'width': 720, 'height': 563, 'url': 'https://cdn2.thedogapi.com/images/HJQ8ge5V7.jpg'}",HJQ8ge5V7,1350.0
Bedlington Terrier,"Killing rat, badger, other vermin","{'imperial': '17 - 23', 'metric': '8 - 10'}","{'imperial': '15 - 16', 'metric': '38 - 41'}",14 - 16 years,"Affectionate, Spirited, Intelligent, Good-tempered","{'id': 'ByK8gx947', 'width': 804, 'height': 531, 'url': 'https://cdn2.thedogapi.com/images/ByK8gx947.jpg'}",ByK8gx947,1900.0
Belgian Malinois,Stock herding,"{'imperial': '40 - 80', 'metric': '18 - 36'}","{'imperial': '22 - 26', 'metric': '56 - 66'}",12 - 14 years,"Watchful, Alert, Stubborn, Friendly, Confident, Hard-working, Active, Protective","{'id': 'r1f_ll5VX', 'width': 604, 'height': 453, 'url': 'https://cdn2.thedogapi.com/images/r1f_ll5VX.jpg'}",r1f_ll5VX,
Belgian Tervuren,"Guarding, Drafting, Police work.","{'imperial': '40 - 65', 'metric': '18 - 29'}","{'imperial': '22 - 26', 'metric': '56 - 66'}",10 - 12 years,"Energetic, Alert, Loyal, Intelligent, Attentive, Protective","{'id': 'B1KdxlcNX', 'width': 645, 'height': 380, 'url': 'https://cdn2.thedogapi.com/images/B1KdxlcNX.jpg'}",B1KdxlcNX,
Bernese Mountain Dog,Draft work,"{'imperial': '65 - 120', 'metric': '29 - 54'}","{'imperial': '23 - 27.5', 'metric': '58 - 70'}",7 - 10 years,"Affectionate, Loyal, Intelligent, Faithful","{'id': 'S1fFlx5Em', 'width': 640, 'height': 427, 'url': 'https://cdn2.thedogapi.com/images/S1fFlx5Em.jpg'}",S1fFlx5Em,900.0
Bichon Frise,Companion,"{'imperial': '10 - 18', 'metric': '5 - 8'}","{'imperial': '9.5 - 11.5', 'metric': '24 - 29'}",15 years,"Feisty, Affectionate, Cheerful, Playful, Gentle, Sensitive","{'id': 'HkuYlxqEQ', 'width': 480, 'height': 360, 'url': 'https://cdn2.thedogapi.com/images/HkuYlxqEQ.jpg'}",HkuYlxqEQ,850.0
Black and Tan Coonhound,"Hunting raccoons, night hunting","{'imperial': '65 - 100', 'metric': '29 - 45'}","{'imperial': '23 - 27', 'metric': '58 - 69'}",10 - 12 years,"Easygoing, Gentle, Adaptable, Trusting, Even Tempered, Lovable","{'id': 'HJAFgxcNQ', 'width': 556, 'height': 380, 'url': 'https://cdn2.thedogapi.com/images/HJAFgxcNQ.jpg'}",HJAFgxcNQ,350.0
Bloodhound,Trailing,"{'imperial': '80 - 110', 'metric': '36 - 50'}","{'imperial': '23 - 27', 'metric': '58 - 69'}",8 - 10 years,"Stubborn, Affectionate, Gentle, Even Tempered","{'id': 'Skdcgx9VX', 'width': 586, 'height': 600, 'url': 'https://cdn2.thedogapi.com/images/Skdcgx9VX.jpg'}",Skdcgx9VX,1000.0
Bluetick Coonhound,Hunting with a superior sense of smell.,"{'imperial': '45 - 80', 'metric': '20 - 36'}","{'imperial': '21 - 27', 'metric': '53 - 69'}",12 - 14 years,"Friendly, Intelligent, Active","{'id': 'rJxieg9VQ', 'width': 731, 'height': 599, 'url': 'https://cdn2.thedogapi.com/images/rJxieg9VQ.jpg'}",rJxieg9VQ,550.0
Boerboel,"Guarding the homestead, farm work.","{'imperial': '110 - 200', 'metric': '50 - 91'}","{'imperial': '22 - 27', 'metric': '56 - 69'}",10 - 12 years,"Obedient, Confident, Intelligent, Dominant, Territorial","{'id': 'HyOjge5Vm', 'width': 1200, 'height': 669, 'url': 'https://cdn2.thedogapi.com/images/HyOjge5Vm.jpg'}",HyOjge5Vm,1750.0
Border Collie,Sheep herder,"{'imperial': '30 - 45', 'metric': '14 - 20'}","{'imperial': '18 - 22', 'metric': '46 - 56'}",12 - 16 years,"Tenacious, Keen, Energetic, Responsive, Alert, Intelligent","{'id': 'sGQvQUpsp', 'width': 1080, 'height': 1080, 'url': 'https://cdn2.thedogapi.com/images/sGQvQUpsp.jpg'}",sGQvQUpsp,700.0
Border Terrier,"Fox bolting, ratting","{'imperial': '11.5 - 15.5', 'metric': '5 - 7'}","{'imperial': '11 - 16', 'metric': '28 - 41'}",12 - 14 years,"Fearless, Affectionate, Alert, Obedient, Intelligent, Even Tempered","{'id': 'HJOpge9Em', 'width': 674, 'height': 450, 'url': 'https://cdn2.thedogapi.com/images/HJOpge9Em.jpg'}",HJOpge9Em,1300.0
Boston Terrier,"Ratting, Companionship","{'imperial': '10 - 25', 'metric': '5 - 11'}","{'imperial': '16 - 17', 'metric': '41 - 43'}",11 - 13 years,"Friendly, Lively, Intelligent","{'id': 'rkZRggqVX', 'width': 1010, 'height': 673, 'url': 'https://cdn2.thedogapi.com/images/rkZRggqVX.jpg'}",rkZRggqVX,750.0
Bouvier des Flandres,Cattle herding,"{'imperial': '70 - 110', 'metric': '32 - 50'}","{'imperial': '23.5 - 27.5', 'metric': '60 - 70'}",10 - 15 years,"Protective, Loyal, Gentle, Intelligent, Familial, Rational","{'id': 'Byd0xl5VX', 'width': 680, 'height': 454, 'url': 'https://cdn2.thedogapi.com/images/Byd0xl5VX.jpg'}",Byd0xl5VX,
Boxer,"Bull-baiting, guardian","{'imperial': '50 - 70', 'metric': '23 - 32'}","{'imperial': '21.5 - 25', 'metric': '55 - 64'}",8 - 10 years,"Devoted, Fearless, Friendly, Cheerful, Energetic, Loyal, Playful, Confident, Intelligent, Bright, Brave, Calm","{'id': 'ry1kWe5VQ', 'width': 645, 'height': 430, 'url': 'https://cdn2.thedogapi.com/images/ry1kWe5VQ.jpg'}",ry1kWe5VQ,900.0
Boykin Spaniel,Turkey retrieving,"{'imperial': '25 - 40', 'metric': '11 - 18'}","{'imperial': '14 - 18', 'metric': '36 - 46'}",10 - 14 years,"Friendly, Energetic, Companionable, Intelligent, Eager, Trainable","{'id': 'ryHJZlcNX', 'width': 577, 'height': 634, 'url': 'https://cdn2.thedogapi.com/images/ryHJZlcNX.jpg'}",ryHJZlcNX,900.0
Bracco Italiano,Versatile gun dog,"{'imperial': '55 - 88', 'metric': '25 - 40'}","{'imperial': '21.5 - 26.5', 'metric': '55 - 67'}",10 - 12 years,"Stubborn, Affectionate, Loyal, Playful, Companionable, Trainable","{'id': 'S13yZg5VQ', 'width': 750, 'height': 505, 'url': 'https://cdn2.thedogapi.com/images/S13yZg5VQ.jpg'}",S13yZg5VQ,
Briard,"Herding, guarding sheep","{'imperial': '70 - 90', 'metric': '32 - 41'}","{'imperial': '22 - 27', 'metric': '56 - 69'}",10 - 12 years,"Fearless, Loyal, Obedient, Intelligent, Faithful, Protective","{'id': 'rkVlblcEQ', 'width': 768, 'height': 576, 'url': 'https://cdn2.thedogapi.com/images/rkVlblcEQ.jpg'}",rkVlblcEQ,1100.0
Brittany,"Pointing, retrieving","{'imperial': '30 - 45', 'metric': '14 - 20'}","{'imperial': '17.5 - 20.5', 'metric': '44 - 52'}",12 - 14 years,"Agile, Adaptable, Quick, Intelligent, Attentive, Happy","{'id': 'HJWZZxc4X', 'width': 900, 'height': 600, 'url': 'https://cdn2.thedogapi.com/images/HJWZZxc4X.jpg'}",HJWZZxc4X,
Bull Terrier,"Bull baiting, Fighting","{'imperial': '50 - 70', 'metric': '23 - 32'}","{'imperial': '21 - 22', 'metric': '53 - 56'}",10 - 12 years,"Trainable, Protective, Sweet-Tempered, Keen, Active","{'id': 'VSraIEQGd', 'width': 1080, 'height': 1080, 'url': 'https://cdn2.thedogapi.com/images/VSraIEQGd.jpg'}",VSraIEQGd,1350.0
Bull Terrier (Miniature),An elegant man's fashion statement,"{'imperial': '25 - 33', 'metric': '11 - 15'}","{'imperial': '10 - 14', 'metric': '25 - 36'}",11 – 14 years,"Trainable, Protective, Sweet-Tempered, Keen, Active, Territorial","{'id': 'BkKZWlcVX', 'width': 674, 'height': 450, 'url': 'https://cdn2.thedogapi.com/images/BkKZWlcVX.jpg'}",BkKZWlcVX,
Bullmastiff,Estate guardian,"{'imperial': '100 - 130', 'metric': '45 - 59'}","{'imperial': '24 - 27', 'metric': '61 - 69'}",8 - 12 years,"Docile, Reliable, Devoted, Alert, Loyal, Reserved, Loving, Protective, Powerful, Calm, Courageous","{'id': 'r1ifZl5E7', 'width': 850, 'height': 638, 'url': 'https://cdn2.thedogapi.com/images/r1ifZl5E7.jpg'}",r1ifZl5E7,1350.0
Cairn Terrier,"Bolting of otter, foxes, other vermin","{'imperial': '13 - 14', 'metric': '6 - 6'}","{'imperial': '9 - 10', 'metric': '23 - 25'}",14 - 15 years,"Hardy, Fearless, Assertive, Gay, Intelligent, Active","{'id': 'Sk7Qbg9E7', 'width': 1254, 'height': 836, 'url': 'https://cdn2.thedogapi.com/images/Sk7Qbg9E7.jpg'}",Sk7Qbg9E7,850.0
Cane Corso,"Companion, guard dog, and hunter","{'imperial': '88 - 120', 'metric': '40 - 54'}","{'imperial': '23.5 - 27.5', 'metric': '60 - 70'}",10 - 11 years,"Trainable, Reserved, Stable, Quiet, Even Tempered, Calm","{'id': 'r15m-lc4m', 'width': 645, 'height': 380, 'url': 'https://cdn2.thedogapi.com/images/r15m-lc4m.jpg'}",r15m-lc4m,
Cardigan Welsh Corgi,Cattle droving,"{'imperial': '25 - 38', 'metric': '11 - 17'}","{'imperial': '10.5 - 12.5', 'metric': '27 - 32'}",12 - 14 years,"Affectionate, Devoted, Alert, Companionable, Intelligent, Active","{'id': 'SyXN-e9NX', 'width': 800, 'height': 600, 'url': 'https://cdn2.thedogapi.com/images/SyXN-e9NX.jpg'}",SyXN-e9NX,
Catahoula Leopard Dog,Driving livestock,"{'imperial': '50 - 95', 'metric': '23 - 43'}","{'imperial': '20 - 26', 'metric': '51 - 66'}",10 - 12 years,"Energetic, Inquisitive, Independent, Gentle, Intelligent, Loving","{'id': 'BJcNbec4X', 'width': 650, 'height': 650, 'url': 'https://cdn2.thedogapi.com/images/BJcNbec4X.jpg'}",BJcNbec4X,400.0
Caucasian Shepherd (Ovcharka),"Guard dogs, defending sheep from predators, mainly wolves, jackals and bears","{'imperial': '80 - 100', 'metric': '36 - 45'}","{'imperial': '24 - 33.5', 'metric': '61 - 85'}",10 - 12 years,"Alert, Quick, Dominant, Powerful, Calm, Strong","{'id': 'r1rrWe5Em', 'width': 1024, 'height': 682, 'url': 'https://cdn2.thedogapi.com/images/r1rrWe5Em.jpg'}",r1rrWe5Em,
Cavalier King Charles Spaniel,"Flushing small birds, companion","{'imperial': '13 - 18', 'metric': '6 - 8'}","{'imperial': '12 - 13', 'metric': '30 - 33'}",10 - 14 years,"Fearless, Affectionate, Sociable, Patient, Playful, Adaptable","{'id': 'HJRBbe94Q', 'width': 961, 'height': 558, 'url': 'https://cdn2.thedogapi.com/images/HJRBbe94Q.jpg'}",HJRBbe94Q,1350.0
Chesapeake Bay Retriever,Water Retriever,"{'imperial': '55 - 80', 'metric': '25 - 36'}","{'imperial': '21 - 26', 'metric': '53 - 66'}",10 - 13 years,"Affectionate, Intelligent, Quiet, Dominant, Happy, Protective","{'id': '9BXwUeCc2', 'width': 600, 'height': 600, 'url': 'https://cdn2.thedogapi.com/images/9BXwUeCc2.jpg'}",9BXwUeCc2,800.0
Chinese Crested,"Ratting, lapdog, curio","{'imperial': '10 - 13', 'metric': '5 - 6'}","{'imperial': '11 - 13', 'metric': '28 - 33'}",10 - 14 years,"Affectionate, Sweet-Tempered, Lively, Alert, Playful, Happy","{'id': 'B1pDZx9Nm', 'width': 1200, 'height': 798, 'url': 'https://cdn2.thedogapi.com/images/B1pDZx9Nm.jpg'}",B1pDZx9Nm,
Chinese Shar-Pei,Fighting,"{'imperial': '45 - 60', 'metric': '20 - 27'}","{'imperial': '18 - 20', 'metric': '46 - 51'}",10 years,"Suspicious, Affectionate, Devoted, Reserved, Independent, Loving","{'id': 'B1ruWl94Q', 'width': 1049, 'height': 761, 'url': 'https://cdn2.thedogapi.com/images/B1ruWl94Q.jpg'}",B1ruWl94Q,
Chinook,Sled pulling,"{'imperial': '50 - 90', 'metric': '23 - 41'}","{'imperial': '22 - 26', 'metric': '56 - 66'}",12 - 15 years,"Friendly, Alert, Dignified, Intelligent, Calm","{'id': 'Sypubg54Q', 'width': 600, 'height': 478, 'url': 'https://cdn2.thedogapi.com/images/Sypubg54Q.jpg'}",Sypubg54Q,900.0
Chow Chow,"Guardian, cart pulling, hunting","{'imperial': '40 - 70', 'metric': '18 - 32'}","{'imperial': '17 - 20', 'metric': '43 - 51'}",12 - 15 years,"Aloof, Loyal, Independent, Quiet","{'id': 'ry8KWgqEQ', 'width': 1010, 'height': 673, 'url': 'https://cdn2.thedogapi.com/images/ry8KWgqEQ.jpg'}",ry8KWgqEQ,700.0
Clumber Spaniel,"Bird flushing, retrieving","{'imperial': '55 - 85', 'metric': '25 - 39'}","{'imperial': '17 - 20', 'metric': '43 - 51'}",10 - 12 years,"Affectionate, Loyal, Dignified, Gentle, Calm, Great-hearted","{'id': 'rkeqWgq4Q', 'width': 762, 'height': 533, 'url': 'https://cdn2.thedogapi.com/images/rkeqWgq4Q.jpg'}",rkeqWgq4Q,1000.0
Cocker Spaniel,"Bird flushing, retrieving","{'imperial': '20 - 30', 'metric': '9 - 14'}","{'imperial': '14 - 15', 'metric': '36 - 38'}",12 - 15 years,"Trainable, Friendly, Affectionate, Playful, Quiet, Faithful","{'id': '1lFmrzECl', 'width': 1080, 'height': 1080, 'url': 'https://cdn2.thedogapi.com/images/1lFmrzECl.jpg'}",1lFmrzECl,700.0
Cocker Spaniel (American),Hunting the American woodcock,"{'imperial': '20 - 30', 'metric': '9 - 14'}","{'imperial': '14 - 15', 'metric': '36 - 38'}",12 - 15 years,"Outgoing, Sociable, Trusting, Joyful, Even Tempered, Merry","{'id': 'HkRcZe547', 'width': 1024, 'height': 640, 'url': 'https://cdn2.thedogapi.com/images/HkRcZe547.jpg'}",HkRcZe547,
Coton de Tulear,"Accompanying ladies on long sea voyages, ratters onboard ship.","{'imperial': '9 - 15', 'metric': '4 - 7'}","{'imperial': '9 - 11', 'metric': '23 - 28'}",13 - 16 years,"Affectionate, Lively, Playful, Intelligent, Trainable, Vocal","{'id': 'SyviZlqNm', 'width': 2464, 'height': 1638, 'url': 'https://cdn2.thedogapi.com/images/SyviZlqNm.jpg'}",SyviZlqNm,2700.0
Dalmatian,Carriage dog - trot alongside carriages to protect the occupants from banditry or other interference,"{'imperial': '50 - 55', 'metric': '23 - 25'}","{'imperial': '19 - 23', 'metric': '48 - 58'}",10 - 13 years,"Outgoing, Friendly, Energetic, Playful, Sensitive, Intelligent, Active","{'id': 'SkJ3blcN7', 'width': 1200, 'height': 800, 'url': 'https://cdn2.thedogapi.com/images/SkJ3blcN7.jpg'}",SkJ3blcN7,800.0
Doberman Pinscher,Guardian,"{'imperial': '66 - 88', 'metric': '30 - 40'}","{'imperial': '24 - 28', 'metric': '61 - 71'}",10 years,"Fearless, Energetic, Alert, Loyal, Obedient, Confident, Intelligent","{'id': 'HyL3bl94Q', 'width': 1140, 'height': 640, 'url': 'https://cdn2.thedogapi.com/images/HyL3bl94Q.jpg'}",HyL3bl94Q,900.0
Dogo Argentino,Big-game hunting,"{'imperial': '80 - 100', 'metric': '36 - 45'}","{'imperial': '23.5 - 27', 'metric': '60 - 69'}",10 - 12 years,"Friendly, Affectionate, Cheerful, Loyal, Tolerant, Protective","{'id': 'S1nhWx94Q', 'width': 650, 'height': 467, 'url': 'https://cdn2.thedogapi.com/images/S1nhWx94Q.jpg'}",S1nhWx94Q,39000.0
Dutch Shepherd,"Farms, watchdog, guard duty","{'imperial': '50 - 70', 'metric': '23 - 32'}","{'imperial': '22 - 24.5', 'metric': '56 - 62'}",15 years,"Reliable, Affectionate, Alert, Loyal, Obedient, Trainable","{'id': 'BkE6Wg5E7', 'width': 856, 'height': 511, 'url': 'https://cdn2.thedogapi.com/images/BkE6Wg5E7.jpg'}",BkE6Wg5E7,1100.0
English Setter,"Bird setting, retrieving","{'imperial': '45 - 80', 'metric': '20 - 36'}","{'imperial': '24 - 25', 'metric': '61 - 64'}",12 years,"Strong Willed, Mischievous, Affectionate, Energetic, Playful, Companionable, Gentle, Hard-working, Intelligent, Eager, People-Oriented","{'id': 'By4A-eqVX', 'width': 1024, 'height': 683, 'url': 'https://cdn2.thedogapi.com/images/By4A-eqVX.jpg'}",By4A-eqVX,500.0
English Shepherd,"Herding & guarding livestock, farm watch dog","{'imperial': '44 - 66', 'metric': '20 - 30'}","{'imperial': '18 - 23', 'metric': '46 - 58'}",10 - 13 years,"Kind, Energetic, Independent, Adaptable, Intelligent, Bossy","{'id': 'H1QyMe5EQ', 'width': 1920, 'height': 1280, 'url': 'https://cdn2.thedogapi.com/images/H1QyMe5EQ.jpg'}",H1QyMe5EQ,900.0
English Springer Spaniel,"Bird flushing, retrieving","{'imperial': '35 - 50', 'metric': '16 - 23'}","{'imperial': '19 - 20', 'metric': '48 - 51'}",12 - 14 years,"Affectionate, Cheerful, Alert, Intelligent, Attentive, Active","{'id': 'Hk0Jfe5VQ', 'width': 1440, 'height': 1080, 'url': 'https://cdn2.thedogapi.com/images/Hk0Jfe5VQ.jpg'}",Hk0Jfe5VQ,750.0
English Toy Spaniel,Companion of kings,"{'imperial': '8 - 14', 'metric': '4 - 6'}","{'imperial': '10', 'metric': '25'}",10 - 12 years,"Affectionate, Reserved, Playful, Gentle, Happy, Loving","{'id': 'SkIgzxqNQ', 'width': 800, 'height': 696, 'url': 'https://cdn2.thedogapi.com/images/SkIgzxqNQ.jpg'}",SkIgzxqNQ,1400.0
English Toy Terrier,Rat-baiting,"{'imperial': '6 - 8', 'metric': '3 - 4'}","{'imperial': '10 - 12', 'metric': '25 - 30'}",12 - 13 years,"Stubborn, Alert, Companionable, Intelligent, Cunning, Trainable","{'id': 'SJ6eMxqEQ', 'width': 645, 'height': 430, 'url': 'https://cdn2.thedogapi.com/images/SJ6eMxqEQ.jpg'}",SJ6eMxqEQ,
Eurasier,Companionship,"{'imperial': '40 - 70', 'metric': '18 - 32'}","{'imperial': '20.5 - 23.5', 'metric': '52 - 60'}",12 - 14 years,"Alert, Reserved, Intelligent, Even Tempered, Watchful, Calm","{'id': 'S1VWGx9Nm', 'width': 800, 'height': 532, 'url': 'https://cdn2.thedogapi.com/images/S1VWGx9Nm.jpg'}",S1VWGx9Nm,
Field Spaniel,"Bird flushing, retrieving","{'imperial': '35 - 50', 'metric': '16 - 23'}","{'imperial': '17 - 18', 'metric': '43 - 46'}",11 - 15 years,"Docile, Cautious, Sociable, Sensitive, Adaptable, Familial","{'id': 'SkJfGecE7', 'width': 1280, 'height': 906, 'url': 'https://cdn2.thedogapi.com/images/SkJfGecE7.jpg'}",SkJfGecE7,900.0
Finnish Lapphund,Herding reindeer,"{'imperial': '33 - 53', 'metric': '15 - 24'}","{'imperial': '16 - 21', 'metric': '41 - 53'}",12 - 15 years,"Friendly, Keen, Faithful, Calm, Courageous","{'id': 'S1KMGg5Vm', 'width': 1066, 'height': 800, 'url': 'https://cdn2.thedogapi.com/images/S1KMGg5Vm.jpg'}",S1KMGg5Vm,700.0
Finnish Spitz,"Hunting birds, small mammals","{'imperial': '23 - 28', 'metric': '10 - 13'}","{'imperial': '15.5 - 20', 'metric': '39 - 51'}",12 - 15 years,"Playful, Loyal, Independent, Intelligent, Happy, Vocal","{'id': '3PjHlQbkV', 'width': 500, 'height': 417, 'url': 'https://cdn2.thedogapi.com/images/3PjHlQbkV.jpg'}",3PjHlQbkV,600.0
French Bulldog,Lapdog,"{'imperial': '28', 'metric': '13'}","{'imperial': '11 - 12', 'metric': '28 - 30'}",9 - 11 years,"Playful, Affectionate, Keen, Sociable, Lively, Alert, Easygoing, Patient, Athletic, Bright","{'id': 'HyWNfxc47', 'width': 740, 'height': 430, 'url': 'https://cdn2.thedogapi.com/images/HyWNfxc47.jpg'}",HyWNfxc47,3000.0
German Pinscher,"Watchdog, Hunting vermin on the farm.","{'imperial': '25 - 45', 'metric': '11 - 20'}","{'imperial': '17 - 20', 'metric': '43 - 51'}",12 - 14 years,"Spirited, Lively, Intelligent, Loving, Even Tempered, Familial","{'id': 'B1u4zgqE7', 'width': 740, 'height': 480, 'url': 'https://cdn2.thedogapi.com/images/B1u4zgqE7.jpg'}",B1u4zgqE7,1500.0
German Shepherd Dog,"Herding, Guard dog","{'imperial': '50 - 90', 'metric': '23 - 41'}","{'imperial': '22 - 26', 'metric': '56 - 66'}",10 - 13 years,"Alert, Loyal, Obedient, Curious, Confident, Intelligent, Watchful, Courageous","{'id': 'SJyBfg5NX', 'width': 600, 'height': 425, 'url': 'https://cdn2.thedogapi.com/images/SJyBfg5NX.jpg'}",SJyBfg5NX,1400.0
German Shorthaired Pointer,General hunting,"{'imperial': '45 - 70', 'metric': '20 - 32'}","{'imperial': '21 - 25', 'metric': '53 - 64'}",12 - 14 years,"Boisterous, Bold, Affectionate, Intelligent, Cooperative, Trainable","{'id': 'SJqBMg5Nm', 'width': 1395, 'height': 1230, 'url': 'https://cdn2.thedogapi.com/images/SJqBMg5Nm.jpg'}",SJqBMg5Nm,700.0
Giant Schnauzer,"Herding, guarding","{'imperial': '65 - 90', 'metric': '29 - 41'}","{'imperial': '23.5 - 27.5', 'metric': '60 - 70'}",10 - 12 years,"Strong Willed, Kind, Loyal, Intelligent, Dominant, Powerful","{'id': 'H1NIzlcV7', 'width': 900, 'height': 600, 'url': 'https://cdn2.thedogapi.com/images/H1NIzlcV7.jpg'}",H1NIzlcV7,1250.0
Giant Schnauzer,"Herding, guarding","{'imperial': '65 - 90', 'metric': '29 - 41'}","{'imperial': '23.5 - 27.5', 'metric': '60 - 70'}",10 - 12 years,"Strong Willed, Kind, Loyal, Intelligent, Dominant, Powerful","{'id': 'H1NIzlcV7', 'width': 900, 'height': 600, 'url': 'https://cdn2.thedogapi.com/images/H1NIzlcV7.jpg'}",H1NIzlcV7,1250.0
Glen of Imaal Terrier,"Rid the home and farm of vermin, and hunt badger and fox","{'imperial': '32 - 40', 'metric': '15 - 18'}","{'imperial': '12.5 - 14', 'metric': '32 - 36'}",12 - 15 years,"Spirited, Agile, Loyal, Gentle, Active, Courageous","{'id': 'H1oLMe94m', 'width': 645, 'height': 380, 'url': 'https://cdn2.thedogapi.com/images/H1oLMe94m.jpg'}",H1oLMe94m,900.0
Golden Retriever,Retrieving,"{'imperial': '55 - 75', 'metric': '25 - 34'}","{'imperial': '21.5 - 24', 'metric': '55 - 61'}",10 - 12 years,"Intelligent, Kind, Reliable, Friendly, Trustworthy, Confident","{'id': 'HJ7Pzg5EQ', 'width': 900, 'height': 652, 'url': 'https://cdn2.thedogapi.com/images/HJ7Pzg5EQ.jpg'}",HJ7Pzg5EQ,1500.0
Gordon Setter,Find and point gamebirds,"{'imperial': '45 - 80', 'metric': '20 - 36'}","{'imperial': '23 - 27', 'metric': '58 - 69'}",10 - 12 years,"Fearless, Alert, Loyal, Confident, Gay, Eager","{'id': 'SJ5vzx5NX', 'width': 622, 'height': 467, 'url': 'https://cdn2.thedogapi.com/images/SJ5vzx5NX.jpg'}",SJ5vzx5NX,900.0
Great Dane,"Hunting & holding boars, Guardian","{'imperial': '110 - 190', 'metric': '50 - 86'}","{'imperial': '28 - 32', 'metric': '71 - 81'}",7 - 10 years,"Friendly, Devoted, Reserved, Gentle, Confident, Loving","{'id': 'B1Edfl9NX', 'width': 800, 'height': 732, 'url': 'https://cdn2.thedogapi.com/images/B1Edfl9NX.jpg'}",B1Edfl9NX,1000.0
Great Pyrenees,Sheep guardian,"{'imperial': '85 - 115', 'metric': '39 - 52'}","{'imperial': '25 - 32', 'metric': '64 - 81'}",10 - 12 years,"Strong Willed, Fearless, Affectionate, Patient, Gentle, Confident","{'id': 'B12uzg9V7', 'width': 800, 'height': 550, 'url': 'https://cdn2.thedogapi.com/images/B12uzg9V7.png'}",B12uzg9V7,800.0
Greyhound,Coursing hares,"{'imperial': '50 - 70', 'metric': '23 - 32'}","{'imperial': '27 - 30', 'metric': '69 - 76'}",10 - 13 years,"Affectionate, Athletic, Gentle, Intelligent, Quiet, Even Tempered","{'id': 'ryNYMx94X', 'width': 1024, 'height': 681, 'url': 'https://cdn2.thedogapi.com/images/ryNYMx94X.jpg'}",ryNYMx94X,650.0
Griffon Bruxellois,Hunt and kill vermin in stables,"{'imperial': '12', 'metric': '5'}","{'imperial': '9 - 11', 'metric': '23 - 28'}",10 – 15 years,"Self-important, Inquisitive, Alert, Companionable, Sensitive, Watchful","{'id': 'ryoYGec4Q', 'width': 645, 'height': 380, 'url': 'https://cdn2.thedogapi.com/images/ryoYGec4Q.jpg'}",ryoYGec4Q,
Harrier,Hunting hares by trailing them,"{'imperial': '40 - 60', 'metric': '18 - 27'}","{'imperial': '18 - 22', 'metric': '46 - 56'}",12 - 15 years,"Outgoing, Friendly, Cheerful, Sweet-Tempered, Tolerant, Active","{'id': 'B1IcfgqE7', 'width': 1920, 'height': 1080, 'url': 'https://cdn2.thedogapi.com/images/B1IcfgqE7.jpg'}",B1IcfgqE7,350.0
Havanese,Companionship,"{'imperial': '7 - 13', 'metric': '3 - 6'}","{'imperial': '8.5 - 11.5', 'metric': '22 - 29'}",14 - 15 years,"Affectionate, Responsive, Playful, Companionable, Gentle, Intelligent","{'id': 'rkXiGl9V7', 'width': 800, 'height': 507, 'url': 'https://cdn2.thedogapi.com/images/rkXiGl9V7.jpg'}",rkXiGl9V7,1050.0
Irish Setter,"Bird setting, retrieving","{'imperial': '35 - 70', 'metric': '16 - 32'}","{'imperial': '24 - 27', 'metric': '61 - 69'}",10 - 11 years,"Affectionate, Energetic, Lively, Independent, Playful, Companionable","{'id': 'S1osGeqVm', 'width': 818, 'height': 522, 'url': 'https://cdn2.thedogapi.com/images/S1osGeqVm.jpg'}",S1osGeqVm,900.0
Irish Terrier,,"{'imperial': '25 - 27', 'metric': '11 - 12'}","{'imperial': '18', 'metric': '46'}",12 - 16 years,"Respectful, Lively, Intelligent, Dominant, Protective, Trainable","{'id': 'By-hGecVX', 'width': 800, 'height': 626, 'url': 'https://cdn2.thedogapi.com/images/By-hGecVX.jpg'}",By-hGecVX,700.0
Irish Wolfhound,"Coursing wolves, elk","{'imperial': '105 - 180', 'metric': '48 - 82'}","{'imperial': '30 - 35', 'metric': '76 - 89'}",6 - 8 years,"Sweet-Tempered, Loyal, Dignified, Patient, Thoughtful, Generous","{'id': 'Hyd2zgcEX', 'width': 1000, 'height': 630, 'url': 'https://cdn2.thedogapi.com/images/Hyd2zgcEX.jpg'}",Hyd2zgcEX,1900.0
Italian Greyhound,Lapdog,"{'imperial': '7 - 15', 'metric': '3 - 7'}","{'imperial': '13 - 15', 'metric': '33 - 38'}",12 - 15 years,"Mischievous, Affectionate, Agile, Athletic, Companionable, Intelligent","{'id': 'SJAnzg9NX', 'width': 640, 'height': 377, 'url': 'https://cdn2.thedogapi.com/images/SJAnzg9NX.jpg'}",SJAnzg9NX,900.0
Japanese Chin,Lapdog,"{'imperial': '4 - 9', 'metric': '2 - 4'}","{'imperial': '8 - 11', 'metric': '20 - 28'}",12 - 14 years,"Alert, Loyal, Independent, Intelligent, Loving, Cat-like","{'id': 'r1H6feqEm', 'width': 900, 'height': 581, 'url': 'https://cdn2.thedogapi.com/images/r1H6feqEm.jpg'}",r1H6feqEm,400.0
Japanese Spitz,Companion,"{'imperial': '15 - 19', 'metric': '7 - 9'}","{'imperial': '12 - 15', 'metric': '30 - 38'}",10 – 16 years,"Affectionate, Obedient, Playful, Companionable, Intelligent, Proud","{'id': 'HksaMxqNX', 'width': 600, 'height': 351, 'url': 'https://cdn2.thedogapi.com/images/HksaMxqNX.jpg'}",HksaMxqNX,
Keeshond,Barge watchdog,"{'imperial': '35 - 45', 'metric': '16 - 20'}","{'imperial': '17 - 18', 'metric': '43 - 46'}",12 - 15 years,"Agile, Obedient, Playful, Quick, Sturdy, Bright","{'id': 'S1GAGg9Vm', 'width': 1024, 'height': 683, 'url': 'https://cdn2.thedogapi.com/images/S1GAGg9Vm.jpg'}",S1GAGg9Vm,900.0
Komondor,Sheep guardian,"{'imperial': '80 - 100', 'metric': '36 - 45'}","{'imperial': '25.5 - 27.5', 'metric': '65 - 70'}",10 - 12 years,"Steady, Fearless, Affectionate, Independent, Gentle, Calm","{'id': 'Bko0fl547', 'width': 1030, 'height': 772, 'url': 'https://cdn2.thedogapi.com/images/Bko0fl547.jpg'}",Bko0fl547,1000.0
Kooikerhondje,"Luring ducks into traps - ""tolling""","{'imperial': '20 - 30', 'metric': '9 - 14'}","{'imperial': '14 - 16', 'metric': '36 - 41'}",12 - 15 years,"Benevolent, Agile, Alert, Intelligent, Active, Territorial","{'id': 'kOMy84GQE', 'width': 1080, 'height': 1080, 'url': 'https://cdn2.thedogapi.com/images/kOMy84GQE.jpg'}",kOMy84GQE,
Kuvasz,"Guardian, hunting large game","{'imperial': '70 - 115', 'metric': '32 - 52'}","{'imperial': '26 - 30', 'metric': '66 - 76'}",8 - 10 years,"Clownish, Loyal, Patient, Independent, Intelligent, Protective","{'id': 'BykZ7ecVX', 'width': 960, 'height': 768, 'url': 'https://cdn2.thedogapi.com/images/BykZ7ecVX.jpg'}",BykZ7ecVX,1350.0
Labrador Retriever,Water retrieving,"{'imperial': '55 - 80', 'metric': '25 - 36'}","{'imperial': '21.5 - 24.5', 'metric': '55 - 62'}",10 - 13 years,"Kind, Outgoing, Agile, Gentle, Intelligent, Trusting, Even Tempered","{'id': 'B1uW7l5VX', 'width': 992, 'height': 667, 'url': 'https://cdn2.thedogapi.com/images/B1uW7l5VX.jpg'}",B1uW7l5VX,1500.0
Lagotto Romagnolo,Water retrieval dog in the marshes of Romagna,"{'imperial': '24 - 35', 'metric': '11 - 16'}","{'imperial': '16 - 19', 'metric': '41 - 48'}",14 - 16 years,"Keen, Loyal, Companionable, Loving, Active, Trainable","{'id': 'ryzzmgqE7', 'width': 1600, 'height': 1200, 'url': 'https://cdn2.thedogapi.com/images/ryzzmgqE7.jpg'}",ryzzmgqE7,
Lancashire Heeler,"Cattle herding, Ratting, Driving cattle to market.","{'imperial': '6 - 13', 'metric': '3 - 6'}","{'imperial': '10 - 12', 'metric': '25 - 30'}",12 – 15 years,"Clever, Friendly, Alert, Intelligent","{'id': 'S1RGml5Em', 'width': 680, 'height': 453, 'url': 'https://cdn2.thedogapi.com/images/S1RGml5Em.jpg'}",S1RGml5Em,700.0
Leonberger,"Guardian, appearance.","{'imperial': '120 - 170', 'metric': '54 - 77'}","{'imperial': '25.5 - 31.5', 'metric': '65 - 80'}",6 - 8 years,"Obedient, Fearless, Loyal, Companionable, Adaptable, Loving","{'id': 'ByrmQlqVm', 'width': 1024, 'height': 694, 'url': 'https://cdn2.thedogapi.com/images/ByrmQlqVm.jpg'}",ByrmQlqVm,1750.0
Lhasa Apso,"Guarding inside the home, companion","{'imperial': '12 - 18', 'metric': '5 - 8'}","{'imperial': '10 - 11', 'metric': '25 - 28'}",12 - 15 years,"Steady, Fearless, Friendly, Devoted, Assertive, Spirited, Energetic, Lively, Alert, Obedient, Playful, Intelligent","{'id': 'SJp7Qe5EX', 'width': 680, 'height': 444, 'url': 'https://cdn2.thedogapi.com/images/SJp7Qe5EX.jpg'}",SJp7Qe5EX,600.0
Maltese,Lapdog,"{'imperial': '4 - 7', 'metric': '2 - 3'}","{'imperial': '8 - 10', 'metric': '20 - 25'}",15 - 18 years,"Playful, Docile, Fearless, Affectionate, Sweet-Tempered, Lively, Responsive, Easygoing, Gentle, Intelligent, Active","{'id': 'B1SV7gqN7', 'width': 680, 'height': 453, 'url': 'https://cdn2.thedogapi.com/images/B1SV7gqN7.jpg'}",B1SV7gqN7,700.0
Miniature American Shepherd,,"{'imperial': '20 - 40', 'metric': '9 - 18'}","{'imperial': '13 - 18', 'metric': '33 - 46'}",12 - 15 years,"Energetic, Loyal, Intelligent, Trainable","{'id': 'BkHHQgcN7', 'width': 920, 'height': 640, 'url': 'https://cdn2.thedogapi.com/images/BkHHQgcN7.jpg'}",BkHHQgcN7,
Miniature Pinscher,Small vermin hunting,"{'imperial': '8 - 11', 'metric': '4 - 5'}","{'imperial': '10 - 12.5', 'metric': '25 - 32'}",15 years,"Clever, Outgoing, Friendly, Energetic, Responsive, Playful","{'id': 'Hy3H7g94X', 'width': 1500, 'height': 1125, 'url': 'https://cdn2.thedogapi.com/images/Hy3H7g94X.jpg'}",Hy3H7g94X,500.0
Miniature Schnauzer,Ratting,"{'imperial': '11 - 20', 'metric': '5 - 9'}","{'imperial': '12 - 14', 'metric': '30 - 36'}",12 - 14 years,"Fearless, Friendly, Spirited, Alert, Obedient, Intelligent","{'id': 'SJIUQl9NX', 'width': 800, 'height': 533, 'url': 'https://cdn2.thedogapi.com/images/SJIUQl9NX.jpg'}",SJIUQl9NX,800.0
Newfoundland,"All purpose water dog, fishing aid","{'imperial': '100 - 150', 'metric': '45 - 68'}","{'imperial': '26 - 28', 'metric': '66 - 71'}",8 - 10 years,"Sweet-Tempered, Gentle, Trainable","{'id': 'Sk4DXl54m', 'width': 1174, 'height': 986, 'url': 'https://cdn2.thedogapi.com/images/Sk4DXl54m.jpg'}",Sk4DXl54m,
Norfolk Terrier,"Ratting, fox bolting","{'imperial': '11 - 12', 'metric': '5 - 5'}","{'imperial': '9 - 10', 'metric': '23 - 25'}",12 - 15 years,"Self-confidence, Fearless, Spirited, Companionable, Happy, Lovable","{'id': 'B1ADQg94X', 'width': 1468, 'height': 1092, 'url': 'https://cdn2.thedogapi.com/images/B1ADQg94X.jpg'}",B1ADQg94X,2250.0
Norwich Terrier,"Ratting, fox bolting","{'imperial': '11 - 12', 'metric': '5 - 5'}","{'imperial': '10', 'metric': '25'}",12 - 15 years,"Hardy, Affectionate, Energetic, Sensitive, Intelligent","{'id': 'BkgKXlqE7', 'width': 1140, 'height': 640, 'url': 'https://cdn2.thedogapi.com/images/BkgKXlqE7.jpg'}",BkgKXlqE7,1700.0
Nova Scotia Duck Tolling Retriever,,"{'imperial': '35 - 50', 'metric': '16 - 23'}","{'imperial': '17 - 21', 'metric': '43 - 53'}",12 - 14 years,"Outgoing, Alert, Patient, Intelligent, Loving","{'id': 'SyYtQe5V7', 'width': 630, 'height': 420, 'url': 'https://cdn2.thedogapi.com/images/SyYtQe5V7.jpg'}",SyYtQe5V7,
Old English Sheepdog,"Driving sheep, cattle","{'imperial': '60 - 100', 'metric': '27 - 45'}","{'imperial': '21', 'metric': '53'}",10 - 12 years,"Sociable, Bubbly, Playful, Adaptable, Intelligent, Loving","{'id': 'HkZ57lq4m', 'width': 1334, 'height': 889, 'url': 'https://cdn2.thedogapi.com/images/HkZ57lq4m.jpg'}",HkZ57lq4m,1350.0
Olde English Bulldogge,,"{'imperial': '65 – 85', 'metric': 'NaN'}","{'imperial': '15 - 19', 'metric': '38 - 48'}",9 – 14 years,"Friendly, Alert, Confident, Loving, Courageous, Strong","{'id': 'B1d5me547', 'width': 554, 'height': 546, 'url': 'https://cdn2.thedogapi.com/images/B1d5me547.jpg'}",B1d5me547,
Papillon,Lapdog,"{'imperial': '3 - 12', 'metric': '1 - 5'}","{'imperial': '8 - 11', 'metric': '20 - 28'}",13 - 17 years,"Hardy, Friendly, Energetic, Alert, Intelligent, Happy","{'id': 'SkJj7e547', 'width': 960, 'height': 765, 'url': 'https://cdn2.thedogapi.com/images/SkJj7e547.jpg'}",SkJj7e547,500.0
Pekingese,Lapdog,"{'imperial': '14', 'metric': '6'}","{'imperial': '6 - 9', 'metric': '15 - 23'}",14 - 18 years,"Opinionated, Good-natured, Stubborn, Affectionate, Aggressive, Intelligent","{'id': 'ByIiml9Nm', 'width': 960, 'height': 640, 'url': 'https://cdn2.thedogapi.com/images/ByIiml9Nm.jpg'}",ByIiml9Nm,700.0
Pembroke Welsh Corgi,Driving stock to market in northern Wales,"{'imperial': '25 - 30', 'metric': '11 - 14'}","{'imperial': '10 - 12', 'metric': '25 - 30'}",12 - 14 years,"Tenacious, Outgoing, Friendly, Bold, Playful, Protective","{'id': 'rJ6iQeqEm', 'width': 1280, 'height': 720, 'url': 'https://cdn2.thedogapi.com/images/rJ6iQeqEm.jpg'}",rJ6iQeqEm,
Perro de Presa Canario,,"{'imperial': '88 - 110', 'metric': '40 - 50'}","{'imperial': '22 - 25.5', 'metric': '56 - 65'}",10 - 12 years,"Strong Willed, Suspicious, Gentle, Dominant, Calm","{'id': 'S1V3Qeq4X', 'width': 600, 'height': 483, 'url': 'https://cdn2.thedogapi.com/images/S1V3Qeq4X.jpg'}",S1V3Qeq4X,
Pharaoh Hound,Hunting rabbits,"{'imperial': '40 - 60', 'metric': '18 - 27'}","{'imperial': '21 - 25', 'metric': '53 - 64'}",12 - 14 years,"Affectionate, Sociable, Playful, Intelligent, Active, Trainable","{'id': 'Byz6mgqEQ', 'width': 3918, 'height': 2938, 'url': 'https://cdn2.thedogapi.com/images/Byz6mgqEQ.jpg'}",Byz6mgqEQ,1900.0
Plott,Hunting big-game like Boar.,"{'imperial': '40 - 60', 'metric': '18 - 27'}","{'imperial': '20 - 25', 'metric': '51 - 64'}",12 - 14 years,"Bold, Alert, Loyal, Intelligent","{'id': 'B1i67l5VQ', 'width': 640, 'height': 480, 'url': 'https://cdn2.thedogapi.com/images/B1i67l5VQ.jpg'}",B1i67l5VQ,
Pomeranian,Companion,"{'imperial': '3 - 7', 'metric': '1 - 3'}","{'imperial': '8 - 12', 'metric': '20 - 30'}",15 years,"Extroverted, Friendly, Sociable, Playful, Intelligent, Active","{'id': 'HJd0XecNX', 'width': 800, 'height': 532, 'url': 'https://cdn2.thedogapi.com/images/HJd0XecNX.jpg'}",HJd0XecNX,700.0
Poodle (Miniature),,"{'imperial': '15 - 17', 'metric': '7 - 8'}","{'imperial': '11 - 15', 'metric': '28 - 38'}",12 – 15 years,,"{'id': 'Hkxk4ecVX', 'width': 1280, 'height': 853, 'url': 'https://cdn2.thedogapi.com/images/Hkxk4ecVX.jpg'}",Hkxk4ecVX,
Poodle (Toy),,"{'imperial': '6 - 9', 'metric': '3 - 4'}","{'imperial': '9 - 11', 'metric': '23 - 28'}",18 years,,"{'id': 'rJFJVxc4m', 'width': 620, 'height': 403, 'url': 'https://cdn2.thedogapi.com/images/rJFJVxc4m.jpg'}",rJFJVxc4m,
Pug,Lapdog,"{'imperial': '14 - 18', 'metric': '6 - 8'}","{'imperial': '10 - 12', 'metric': '25 - 30'}",12 - 14 years,"Docile, Clever, Charming, Stubborn, Sociable, Playful, Quiet, Attentive","{'id': 'HyJvcl9N7', 'width': 800, 'height': 600, 'url': 'https://cdn2.thedogapi.com/images/HyJvcl9N7.jpg'}",HyJvcl9N7,400.0
Puli,Herding,"{'imperial': '25 - 35', 'metric': '11 - 16'}","{'imperial': '16 - 17', 'metric': '41 - 43'}",12 - 16 Years years,"Energetic, Agile, Loyal, Obedient, Intelligent, Faithful","{'id': 'ryPgVl5N7', 'width': 1199, 'height': 829, 'url': 'https://cdn2.thedogapi.com/images/ryPgVl5N7.jpg'}",ryPgVl5N7,1100.0
Pumi,,"{'imperial': '18 - 33', 'metric': '8 - 15'}","{'imperial': '15 - 18.5', 'metric': '38 - 47'}",13 - 15 years,"Lively, Reserved, Intelligent, Active, Protective, Vocal","{'id': 'SyRe4xcN7', 'width': 695, 'height': 391, 'url': 'https://cdn2.thedogapi.com/images/SyRe4xcN7.jpg'}",SyRe4xcN7,2750.0
Rat Terrier,,"{'imperial': '8 - 25', 'metric': '4 - 11'}","{'imperial': '10 - 13', 'metric': '25 - 33'}",12 - 18 years,"Affectionate, Lively, Inquisitive, Alert, Intelligent, Loving","{'id': 'HkXWNl9E7', 'width': 825, 'height': 689, 'url': 'https://cdn2.thedogapi.com/images/HkXWNl9E7.jpg'}",HkXWNl9E7,400.0
Redbone Coonhound,"Hunting raccoon, deer, bear, and cougar.","{'imperial': '45 - 80', 'metric': '20 - 36'}","{'imperial': '21 - 27', 'metric': '53 - 69'}",10 - 12 years,"Affectionate, Energetic, Independent, Companionable, Familial, Unflappable","{'id': 'HJMzEl5N7', 'width': 1537, 'height': 1323, 'url': 'https://cdn2.thedogapi.com/images/HJMzEl5N7.jpg'}",HJMzEl5N7,700.0
Rhodesian Ridgeback,"Big game hunting, guarding","{'imperial': '75 - 80', 'metric': '34 - 36'}","{'imperial': '24 - 27', 'metric': '61 - 69'}",10 - 12 years,"Strong Willed, Mischievous, Loyal, Dignified, Sensitive, Intelligent","{'id': 'By9zNgqE7', 'width': 1000, 'height': 667, 'url': 'https://cdn2.thedogapi.com/images/By9zNgqE7.jpg'}",By9zNgqE7,1150.0
Rottweiler,"Cattle drover, guardian, draft","{'imperial': '75 - 110', 'metric': '34 - 50'}","{'imperial': '22 - 27', 'metric': '56 - 69'}",8 - 10 years,"Steady, Good-natured, Fearless, Devoted, Alert, Obedient, Confident, Self-assured, Calm, Courageous","{'id': 'r1xXEgcNX', 'width': 736, 'height': 595, 'url': 'https://cdn2.thedogapi.com/images/r1xXEgcNX.jpg'}",r1xXEgcNX,1600.0
Russian Toy,,"{'imperial': '3 - 6', 'metric': '1 - 3'}","{'imperial': '7.5 - 10.5', 'metric': '19 - 27'}",10 - 12 years,,"{'id': 'HkP7Vxc4Q', 'width': 645, 'height': 380, 'url': 'https://cdn2.thedogapi.com/images/HkP7Vxc4Q.jpg'}",HkP7Vxc4Q,
Saint Bernard,"Draft, search, rescue","{'imperial': '130 - 180', 'metric': '59 - 82'}","{'imperial': '25.5 - 27.5', 'metric': '65 - 70'}",7 - 10 years,"Friendly, Lively, Gentle, Watchful, Calm","{'id': '_Qf9nfRzL', 'width': 1080, 'height': 1084, 'url': 'https://cdn2.thedogapi.com/images/_Qf9nfRzL.png'}",_Qf9nfRzL,1650.0
Saluki,Coursing gazelle and hare,"{'imperial': '35 - 65', 'metric': '16 - 29'}","{'imperial': '23 - 28', 'metric': '58 - 71'}",12 - 14 years,"Aloof, Reserved, Intelligent, Quiet","{'id': 'fjFIuehNo', 'width': 750, 'height': 450, 'url': 'https://cdn2.thedogapi.com/images/fjFIuehNo.jpg'}",fjFIuehNo,700.0
Samoyed,"Herding reindeer, guardian, draft","{'imperial': '50 - 60', 'metric': '23 - 27'}","{'imperial': '19 - 23.5', 'metric': '48 - 60'}",12 - 14 years,"Stubborn, Friendly, Sociable, Lively, Alert, Playful","{'id': 'S1T8Ee9Nm', 'width': 1200, 'height': 797, 'url': 'https://cdn2.thedogapi.com/images/S1T8Ee9Nm.jpg'}",S1T8Ee9Nm,1350.0
Schipperke,Barge watchdog,"{'imperial': '10 - 16', 'metric': '5 - 7'}","{'imperial': '10 - 13', 'metric': '25 - 33'}",13 - 15 years,"Fearless, Agile, Curious, Independent, Confident, Faithful","{'id': 'SyBvVgc47', 'width': 1024, 'height': 681, 'url': 'https://cdn2.thedogapi.com/images/SyBvVgc47.jpg'}",SyBvVgc47,800.0
Scottish Deerhound,Coursing deer,"{'imperial': '70 - 130', 'metric': '32 - 59'}","{'imperial': '28 - 32', 'metric': '71 - 81'}",8 - 10 years,"Docile, Friendly, Dignified, Gentle","{'id': 'SkNjqx9NQ', 'width': 700, 'height': 480, 'url': 'https://cdn2.thedogapi.com/images/SkNjqx9NQ.jpg'}",SkNjqx9NQ,1100.0
Scottish Terrier,Vermin hunting,"{'imperial': '18 - 22', 'metric': '8 - 10'}","{'imperial': '10', 'metric': '25'}",11 - 13 years,"Feisty, Alert, Independent, Playful, Quick, Self-assured","{'id': 'Bklnce5NX', 'width': 1280, 'height': 976, 'url': 'https://cdn2.thedogapi.com/images/Bklnce5NX.jpg'}",Bklnce5NX,
Shetland Sheepdog,Sheep herding,"{'imperial': '30', 'metric': '14'}","{'imperial': '13 - 16', 'metric': '33 - 41'}",12 - 14 years,"Affectionate, Lively, Responsive, Alert, Loyal, Reserved, Playful, Gentle, Intelligent, Active, Trainable, Strong","{'id': 'rJa29l9E7', 'width': 824, 'height': 640, 'url': 'https://cdn2.thedogapi.com/images/rJa29l9E7.jpg'}",rJa29l9E7,
Shiba Inu,"Hunting in the mountains of Japan, Alert Watchdog","{'imperial': '17 - 23', 'metric': '8 - 10'}","{'imperial': '13.5 - 16.5', 'metric': '34 - 42'}",12 - 16 years,"Charming, Fearless, Keen, Alert, Confident, Faithful","{'id': 'Zn3IjPX3f', 'width': 1080, 'height': 1080, 'url': 'https://cdn2.thedogapi.com/images/Zn3IjPX3f.jpg'}",Zn3IjPX3f,900.0
Shih Tzu,Lapdog,"{'imperial': '9 - 16', 'metric': '4 - 7'}","{'imperial': '8 - 11', 'metric': '20 - 28'}",10 - 18 years,"Clever, Spunky, Outgoing, Friendly, Affectionate, Lively, Alert, Loyal, Independent, Playful, Gentle, Intelligent, Happy, Active, Courageous","{'id': 'BkrJjgcV7', 'width': 800, 'height': 600, 'url': 'https://cdn2.thedogapi.com/images/BkrJjgcV7.jpg'}",BkrJjgcV7,1000.0
Shiloh Shepherd,"Swimming, Carrying backpacks, Pulling carts or sleds","{'imperial': '120 - 140', 'metric': '54 - 64'}","{'imperial': '26 - 30', 'metric': '66 - 76'}",9 – 14 years,"Outgoing, Loyal, Companionable, Gentle, Loving, Trainable","{'id': 'SJJxjecEX', 'width': 1005, 'height': 803, 'url': 'https://cdn2.thedogapi.com/images/SJJxjecEX.jpg'}",SJJxjecEX,
Siberian Husky,Sled pulling,"{'imperial': '35 - 60', 'metric': '16 - 27'}","{'imperial': '20 - 23.5', 'metric': '51 - 60'}",12 years,"Outgoing, Friendly, Alert, Gentle, Intelligent","{'id': 'S17ZilqNm', 'width': 1920, 'height': 1280, 'url': 'https://cdn2.thedogapi.com/images/S17ZilqNm.jpg'}",S17ZilqNm,950.0
Silky Terrier,"Small vermin hunting, companionship","{'imperial': '8 - 10', 'metric': '4 - 5'}","{'imperial': '9 - 10', 'metric': '23 - 25'}",12 - 15 years,"Friendly, Responsive, Inquisitive, Alert, Quick, Joyful","{'id': 'ByzGsl5Nm', 'width': 1599, 'height': 1142, 'url': 'https://cdn2.thedogapi.com/images/ByzGsl5Nm.jpg'}",ByzGsl5Nm,700.0
Smooth Fox Terrier,Fox bolting,"{'imperial': 'up - 18', 'metric': 'NaN - 8'}","{'imperial': '15.5', 'metric': '39'}",12 - 14 years,"Fearless, Affectionate, Alert, Playful, Intelligent, Active","{'id': 'Syszjx9Em', 'width': 1600, 'height': 1031, 'url': 'https://cdn2.thedogapi.com/images/Syszjx9Em.jpg'}",Syszjx9Em,850.0
Soft Coated Wheaten Terrier,"Vermin hunting, guarding, all-around farm helper","{'imperial': '30 - 40', 'metric': '14 - 18'}","{'imperial': '16 - 18', 'metric': '41 - 46'}",12 - 15 years,"Affectionate, Spirited, Energetic, Playful, Intelligent, Faithful","{'id': 'HJHmix5NQ', 'width': 1200, 'height': 800, 'url': 'https://cdn2.thedogapi.com/images/HJHmix5NQ.jpg'}",HJHmix5NQ,
Spanish Water Dog,Herding flocks of sheep and goats from one pasture to another,"{'imperial': '30 - 50', 'metric': '14 - 23'}","{'imperial': '16 - 20', 'metric': '41 - 51'}",12 - 15 years,"Trainable, Diligent, Affectionate, Loyal, Athletic, Intelligent","{'id': 'HJf4jl9VX', 'width': 1200, 'height': 922, 'url': 'https://cdn2.thedogapi.com/images/HJf4jl9VX.jpg'}",HJf4jl9VX,
Spinone Italiano,,"{'imperial': '61 - 85', 'metric': '28 - 39'}","{'imperial': '22.5 - 27.5', 'metric': '57 - 70'}",10 - 12 years,"Docile, Friendly, Affectionate, Loyal, Patient, Gentle","{'id': 'rk5Eoe5Nm', 'width': 1030, 'height': 772, 'url': 'https://cdn2.thedogapi.com/images/rk5Eoe5Nm.jpg'}",rk5Eoe5Nm,
Staffordshire Bull Terrier,,"{'imperial': '24 - 38', 'metric': '11 - 17'}","{'imperial': '14 - 16', 'metric': '36 - 41'}",12 - 14 years,"Reliable, Fearless, Bold, Affectionate, Loyal, Intelligent, Courageous","{'id': 'H1zSie9V7', 'width': 1280, 'height': 852, 'url': 'https://cdn2.thedogapi.com/images/H1zSie9V7.jpg'}",H1zSie9V7,1750.0
Standard Schnauzer,"Ratting, guarding","{'imperial': '30 - 50', 'metric': '14 - 23'}","{'imperial': '17.5 - 19.5', 'metric': '44 - 50'}",13 - 15 years,"Trainable, Good-natured, Devoted, Lively, Playful, Intelligent","{'id': 'tmzeu6ID_', 'width': 650, 'height': 585, 'url': 'https://cdn2.thedogapi.com/images/tmzeu6ID_.jpg'}",tmzeu6ID_,
Swedish Vallhund,,"{'imperial': '20 - 30', 'metric': '9 - 14'}","{'imperial': '11.5 - 13.5', 'metric': '29 - 34'}",12 - 14 years,"Fearless, Friendly, Energetic, Alert, Intelligent, Watchful","{'id': 'HJ-Dix94Q', 'width': 1280, 'height': 851, 'url': 'https://cdn2.thedogapi.com/images/HJ-Dix94Q.jpg'}",HJ-Dix94Q,800.0
Thai Ridgeback,,"{'imperial': '35 - 55', 'metric': '16 - 25'}","{'imperial': '20 - 24', 'metric': '51 - 61'}",10 - 12 years,"Protective, Loyal, Independent, Intelligent, Loving, Familial","{'id': 'zv89hR-O8', 'width': 1080, 'height': 720, 'url': 'https://cdn2.thedogapi.com/images/zv89hR-O8.jpg'}",zv89hR-O8,700.0
Tibetan Mastiff,,"{'imperial': '85 - 140', 'metric': '39 - 64'}","{'imperial': '24 - 26', 'metric': '61 - 66'}",10 - 14 years,"Strong Willed, Tenacious, Aloof, Stubborn, Intelligent, Protective","{'id': 'SkM9sec47', 'width': 1600, 'height': 1375, 'url': 'https://cdn2.thedogapi.com/images/SkM9sec47.jpg'}",SkM9sec47,3000.0
Tibetan Spaniel,,"{'imperial': '9 - 15', 'metric': '4 - 7'}","{'imperial': '10', 'metric': '25'}",12 - 15 years,"Willful, Aloof, Assertive, Independent, Playful, Intelligent, Happy","{'id': 'Hyjcol947', 'width': 1023, 'height': 825, 'url': 'https://cdn2.thedogapi.com/images/Hyjcol947.jpg'}",Hyjcol947,900.0
Tibetan Terrier,"Good luck charms, mascots, watchdogs, herding dogs, and companions","{'imperial': '20 - 24', 'metric': '9 - 11'}","{'imperial': '14 - 17', 'metric': '36 - 43'}",12 - 15 years,"Affectionate, Energetic, Amiable, Reserved, Gentle, Sensitive","{'id': '6f5n_42mB', 'width': 981, 'height': 1226, 'url': 'https://cdn2.thedogapi.com/images/6f5n_42mB.jpg'}",6f5n_42mB,1600.0
Toy Fox Terrier,,"{'imperial': '4 - 9', 'metric': '2 - 4'}","{'imperial': '8 - 11', 'metric': '20 - 28'}",12 - 15 years,"Friendly, Spirited, Alert, Loyal, Playful, Intelligent","{'id': 'B17ase9V7', 'width': 1200, 'height': 1024, 'url': 'https://cdn2.thedogapi.com/images/B17ase9V7.jpg'}",B17ase9V7,500.0
Treeing Walker Coonhound,,"{'imperial': '45 - 80', 'metric': '20 - 36'}","{'imperial': '20 - 27', 'metric': '51 - 69'}",10 - 13 years,"Clever, Affectionate, Confident, Intelligent, Loving, Trainable","{'id': 'SkRpsgc47', 'width': 1920, 'height': 1080, 'url': 'https://cdn2.thedogapi.com/images/SkRpsgc47.jpg'}",SkRpsgc47,500.0
Vizsla,Pointing and trailing,"{'imperial': '50 - 65', 'metric': '23 - 29'}","{'imperial': '21 - 24', 'metric': '53 - 61'}",10 - 14 years,"Affectionate, Energetic, Loyal, Gentle, Quiet","{'id': 'r1o0jx9Em', 'width': 2269, 'height': 1276, 'url': 'https://cdn2.thedogapi.com/images/r1o0jx9Em.jpg'}",r1o0jx9Em,1000.0
Weimaraner,Large game trailing and versatile gundog,"{'imperial': '55 - 90', 'metric': '25 - 41'}","{'imperial': '23 - 27', 'metric': '58 - 69'}",12 - 15 years,"Steady, Aloof, Stubborn, Energetic, Alert, Intelligent, Powerful, Fast","{'id': 'SyU12l9V7', 'width': 901, 'height': 954, 'url': 'https://cdn2.thedogapi.com/images/SyU12l9V7.jpg'}",SyU12l9V7,1750.0
Welsh Springer Spaniel,Flushing and retrieving birds,"{'imperial': '35 - 55', 'metric': '16 - 25'}","{'imperial': '17 - 19', 'metric': '43 - 48'}",12 - 15 years,"Stubborn, Friendly, Affectionate, Loyal, Playful, Active","{'id': 'BJ1gnx5Vm', 'width': 1331, 'height': 944, 'url': 'https://cdn2.thedogapi.com/images/BJ1gnx5Vm.jpg'}",BJ1gnx5Vm,1300.0
West Highland White Terrier,"Fox, badger, vermin hunting","{'imperial': '15 - 22', 'metric': '7 - 10'}","{'imperial': '10 - 11', 'metric': '25 - 28'}",15 - 20 years,"Hardy, Friendly, Alert, Independent, Gay, Active, Courageous","{'id': 'Bkdx2g5Em', 'width': 1065, 'height': 1032, 'url': 'https://cdn2.thedogapi.com/images/Bkdx2g5Em.jpg'}",Bkdx2g5Em,
Whippet,"Coursing, racing","{'imperial': '25 - 35', 'metric': '11 - 16'}","{'imperial': '18 - 22', 'metric': '46 - 56'}",12 - 15 years,"Friendly, Affectionate, Lively, Gentle, Intelligent, Quiet","{'id': 'Hyv-ne94m', 'width': 1600, 'height': 1071, 'url': 'https://cdn2.thedogapi.com/images/Hyv-ne94m.jpg'}",Hyv-ne94m,1000.0
White Shepherd,,"{'imperial': '60 - 85', 'metric': '27 - 39'}","{'imperial': '22 - 25', 'metric': '56 - 64'}",12 – 14 years,"Self-confidence, Aloof, Fearless, Alert, Companionable, Eager","{'id': 'r14M3e9E7', 'width': 1200, 'height': 800, 'url': 'https://cdn2.thedogapi.com/images/r14M3e9E7.jpg'}",r14M3e9E7,
Wire Fox Terrier,"Vermin hunting, fox bolting","{'imperial': '15 - 19', 'metric': '7 - 9'}","{'imperial': '13 - 16', 'metric': '33 - 41'}",13 – 14 years,"Fearless, Friendly, Bold, Keen, Alert, Quick","{'id': 'SJ6f2g9EQ', 'width': 1000, 'height': 795, 'url': 'https://cdn2.thedogapi.com/images/SJ6f2g9EQ.jpg'}",SJ6f2g9EQ,900.0
Wirehaired Pointing Griffon,"Gundog, ""swamp-tromping"", Flushing, pointing, and retrieving water fowl & game birds","{'imperial': '45 - 70', 'metric': '20 - 32'}","{'imperial': '20 - 24', 'metric': '51 - 61'}",12 - 14 years,"Loyal, Gentle, Vigilant, Trainable, Proud","{'id': 'Bkam2l9Vm', 'width': 2328, 'height': 1604, 'url': 'https://cdn2.thedogapi.com/images/Bkam2l9Vm.jpg'}",Bkam2l9Vm,
Wirehaired Vizsla,,"{'imperial': '45 - 65', 'metric': '20 - 29'}","{'imperial': '21.5 - 25', 'metric': '55 - 64'}",12 - 14 years,,"{'id': 'r1I4hl5Em', 'width': 1024, 'height': 770, 'url': 'https://cdn2.thedogapi.com/images/r1I4hl5Em.jpg'}",r1I4hl5Em,
Xoloitzcuintli,,"{'imperial': '9 - 31', 'metric': '4 - 14'}","{'imperial': '10 - 23', 'metric': '25 - 58'}",12 - 14 years,"Cheerful, Alert, Companionable, Intelligent, Protective, Calm","{'id': 'HkNS3gqEm', 'width': 1500, 'height': 1350, 'url': 'https://cdn2.thedogapi.com/images/HkNS3gqEm.jpg'}",HkNS3gqEm,
Yorkshire Terrier,Small vermin hunting,"{'imperial': '4 - 7', 'metric': '2 - 3'}","{'imperial': '8 - 9', 'metric': '20 - 23'}",12 - 16 years,"Bold, Independent, Confident, Intelligent, Courageous","{'id': 'B12BnxcVQ', 'width': 1024, 'height': 683, 'url': 'https://cdn2.thedogapi.com/images/B12BnxcVQ.jpg'}",B12BnxcVQ,
